lat,lon,sand,silt,clay,slope,elev,MAT,MAP,pH,tot_OC,tot_N,Acrisol,Alisol,Andosols,Arenosol,Cambisol,Ferralsol,Fluvisol,Gleysol,Lixisol,Luvisol,Nitisols,Plinthosol,Podzol,Regosol,Umbrisol
0.018969094836196736,0.017433491393623102,0.04847013745528411,0.0726293873594188,0.025581375540201803,0.041195087857231576,0.06397717396738524,0.07269731188119649,0.012064843699257735,0.10449277978184358,0.20563745787897708,0.2934974233226189,0.00030116426623440554,0.000525941798415945,0.0008689676902748022,6.49789928334484e-05,0.004106454735788274,0.0003676131499105875,0.015293652185320077,4.703342862945549e-06,1.1296716132246634e-05,0.0002173007938660328,0.00037226337094205996,0.0007309982822403289,0.00018076893152358387,2.64138350451431e-06,0.0003056893869155221
0.017246614277181924,0.015340295580956663,0.056811390792753894,0.08645978488377264,0.0185003534240029,0.048189942161185925,0.06022623054866432,0.08117441854282849,0.009496275123409443,0.1493233731638199,0.14771429458222834,0.29558477430915436,0.0008100985318985713,0.0018366825863495508,0.0,4.241738355248499e-05,0.00768611486239212,0.0007576209656346149,0.0008036247440598601,0.0003411487187074537,3.283425069014151e-05,0.0002177620941698177,0.0004032742960162026,0.0006726806902073687,0.0001605713271875825,1.3529350392402092e-06,0.00016606922413624456
0.011721626764946383,0.016631969534827994,0.03975268059013256,0.04318377937069815,0.01833581354090647,0.03982330937982515,0.08425810390298862,0.1295655318592932,0.010656489072950146,0.10115008299066787,0.10879950297584046,0.36066079703899045,0.0006224854539494909,0.000305174484371702,0.0,3.43968268766827e-05,0.007882229316336972,0.0005463933165169261,0.022499325095904008,2.430964421069434e-05,0.0,0.00020969431076622023,0.00016218802710652616,0.0004380661594590488,0.0002689434535768149,0.0,0.002467106888857522
0.01894302424509323,0.025452569449386543,0.08514571426105648,0.07661397238585553,0.024711296707136156,0.03253582759132189,0.05273624425572422,0.10969286312466187,0.03382453343469021,0.10164825485759969,0.04803918272135176,0.3622297901298729,0.0008499735262663377,0.0005380900755327284,0.0018849063593132107,0.00014122892549569088,0.003955755128322868,0.0003422310104139701,0.015294704436616003,0.000699214944123669,6.71447021322614e-05,0.00011794370450725862,0.0006071611382778223,0.0003045240026660695,0.000604135958124579,2.6754005610529396e-06,0.0030170375238959385
0.012667271588482317,0.01766505429991119,0.054675041838877565,0.07132699977058073,0.026469975633975983,0.03216406453470171,0.08157793675587827,0.09573891069754586,0.010271079820505178,0.1394161039734557,0.13989737282048278,0.29632417255036203,0.001015260299854939,0.0002584279276403027,0.0010003606056020037,3.802882281599764e-05,0.01190318146319348,0.0007490823394485706,0.004016537978472681,0.000341753956257499,0.0,0.0003124560393207962,0.00019836744664748334,0.0008328589422613893,0.0002869912897614006,2.378076990522012e-05,0.0008289278340589744
0.013471274660103033,0.012402472460884592,0.03212814448466578,0.027958772224881225,0.020358231284753038,0.029495633855862485,0.061366800234459194,0.06538367937822384,0.008826939800151421,0.08615717280264619,0.1712557762015951,0.43765583120360363,0.000765873210964585,0.0011311431173918367,0.0,5.9328370920090946e-05,0.00231227035253003,0.0005686619632099916,0.025589247997932777,0.00018376096620965714,0.0,2.9620412598065036e-05,0.0,0.00043164366063828827,0.0009668582171486603,4.596608209784352e-06,0.001496266530416607
0.015748349961249568,0.02187832996470111,0.05519170188550087,0.058273226341309735,0.022396861389334326,0.05271793868686051,0.052240343203214745,0.1437930685603173,0.013397141052663463,0.1398679038340302,0.08008619608208818,0.32334734050915714,0.0003949478741627249,0.0014115309477747999,0.0005545561758828926,3.0469931823810678e-05,0.005410179959818962,0.0005734058789032021,0.010470195793939985,0.0002480162873261214,0.0,0.00033406771096485894,0.00031149979563929026,0.0005599919760322287,0.0003534362658486718,4.180721673062807e-06,0.00040511920978203366
0.01961231434574068,0.02253022082580939,0.05213899724883523,0.03757137670748821,0.02451386606500111,0.027100946834456786,0.0465027601397945,0.10052825579724259,0.011592393561882235,0.2219151290774552,0.0695154242780086,0.34744251479864185,0.0005471255950169683,0.0005721961521893891,0.0,7.243016040231453e-05,0.004874928000708971,0.0004288765814987996,0.007874735360388107,0.00012655855243914573,1.4061445001984866e-05,0.0,0.0006879161170657219,0.0008616743472042473,0.0005668405974179305,0.0,0.0024084574103099775
0.021352573228623873,0.025562593577004272,0.07288241506998397,0.11523193960181695,0.027895337348263872,0.02397003797786477,0.06353631211987051,0.03112843231274312,0.018897065145363327,0.11258732107411865,0.026725176796778067,0.43459138916978485,0.0007633269952850992,0.000839972464875296,0.0008663068559343957,7.435397433740699e-05,0.010914111805693223,0.0010294435259870119,0.006503103183484532,0.00046193358977858874,3.43598146919882e-05,0.0005170037868734124,0.0,0.0009887855504184407,0.0014103148306184499,3.5414234082166315e-06,0.0012328487763976711
0.015663159521968745,0.015667956599613276,0.058699526304081456,0.03912869034144253,0.041675810643221706,0.07189832773344071,0.047923722714369454,0.13179715141660675,0.00920328933032325,0.0695927158456824,0.042961795344898066,0.4347606518669138,0.0005764307584282264,0.0007268099088939925,0.00029516723595193354,0.00010911934580582353,0.002454457033682459,0.00048435526485106405,0.012311576249194977,0.00010000757519525419,2.6629352450396066e-05,7.02136318435622e-05,0.0,0.0008422901500735521,0.0010936473411847448,0.0,0.0019364984898819402
0.017542508864436937,0.01682435775456107,0.04587437811935238,0.1281870344495694,0.025828691921929107,0.049669290529076336,0.07515146699303495,0.11009480365139858,0.01475953149450399,0.10522993544199058,0.12069547713798945,0.26547083314136277,0.00071079421461811,0.0004791962569988786,0.0017318494865218787,2.291108719714237e-05,0.008619959689603367,0.00030034047274148947,0.008609318862760994,0.00034545836076781296,0.0,0.00033988887042773526,0.0002081708177183955,0.0009088234434994845,0.00012515003099452856,7.942400898927161e-06,0.002261886506045554
0.031201413161338686,0.023798857999811844,0.0781001785520582,0.10626931648274979,0.0428718592676638,0.03675795817649589,0.05467710979616795,0.03857207368220356,0.012370402254150408,0.13908788105312822,0.060802365966009214,0.357039365589983,0.0006438519321158348,0.0015085282471270878,0.0010237791022866304,0.00010594225566058582,0.005067693596451857,0.00082197909307681,0.005993242917255179,0.00026978518890820297,0.0,0.00039370951709330834,0.0004023338745441753,0.0012575999633784175,0.00034470856155837943,5.0261868795829245e-06,0.0006130375819035171
0.014435296632756332,0.010549038817236091,0.05425291430301737,0.03597011974444086,0.01775478731560449,0.037250815741432346,0.05829671577494838,0.19355193262327633,0.006763895507967077,0.10616410820722451,0.16431118274039724,0.287832344964688,0.0003477085667419062,0.00043441997878916643,0.0,9.007895941173167e-05,0.00380154268864842,0.0003250444726200369,0.005314622764604963,0.00029720591899016477,0.0,0.0001188805041390156,0.00021718418121591715,0.0005096541225114453,0.0005147512092318875,0.0,0.0008957542601063921
0.01849645253883172,0.023284404952348736,0.05343270012158278,0.05265975601938554,0.02365993285866458,0.030506686435952755,0.0768831875084913,0.1313559844652223,0.00890310404999013,0.14892919913209424,0.12775471607834643,0.2832350368367809,0.00037512720566239163,0.0005035860873554893,0.00031500717234721334,5.0283182027424505e-05,0.013678364673882792,0.0008659047886211967,0.0025478760386180954,0.0,0.0,0.00013760525809652693,0.0002454758366883534,0.0005589722906327697,9.438094625471272e-05,2.034605986325444e-05,0.001505909462258557
0.013147602940887727,0.02264458402934398,0.051698397146994306,0.08339774763516919,0.03856494285852288,0.03650165571241487,0.04191006389377298,0.10329639119854339,0.009449667773219421,0.09767472460374987,0.09814477660638564,0.37560422652152003,0.000611184822467046,0.001213589908497627,0.0005585237446287907,0.00012469337733049974,0.0065078899229402045,0.00044146746895242715,0.014461349512771351,0.0002746110151212251,1.7075434997737333e-05,7.942482388972747e-05,0.0006438750961449711,0.00118666415287988,0.000743999965699753,0.0,0.0011008698331545761
0.019760492691264897,0.01835769608154561,0.04020099630892409,0.05617173105578606,0.017061200864190062,0.03282359693951876,0.05858710039768609,0.155994646334519,0.012921916310054932,0.0932692006150044,0.20046944033334632,0.2791507456707847,0.0007354864161648008,0.0006651221153134664,0.0009724859837926371,3.8972531934484245e-05,0.0026845825279242217,0.0007575127985999907,0.005972000195748017,0.00019790620922408714,0.0,0.00021935794712999332,0.00021204887688586703,0.0006433512578396347,0.0005187256959146452,0.0,0.0016136838409033108
0.016264142042570658,0.016890609253487596,0.056312059467879996,0.050034348279027294,0.018734137302610858,0.04480836449965975,0.06073028139352194,0.10495941139761114,0.009818492115204209,0.13126992404480528,0.13817466176036772,0.3295464275500993,0.0007756184016055842,0.0005971410048673274,0.0008044552555763609,4.68081178352077e-05,0.01042114622980371,0.0004204398365517965,0.0068047023510522395,2.650753913590407e-06,2.6519698249903462e-05,0.00022987739797633737,0.0,0.000836235746153748,0.0005613284123185116,0.0,0.0009302176872498381
0.015105734990600585,0.015342474284318938,0.04220619824776946,0.08451945910811615,0.015111878404480413,0.10778169286257303,0.08078607148255784,0.09337087499975949,0.013208593370538256,0.08594240348400066,0.13273799685145612,0.29334907722325965,0.0017261641593030563,0.00038565620356205936,0.0005998942453932675,1.6386894125787965e-05,0.0122497907811992,0.0008910642064331691,0.0010313450408927795,0.00023791256177677314,0.0,6.448436491709635e-05,0.0,0.0006361041917642568,0.0003979734986315254,0.0,0.0023007685425702556
0.013293855575965194,0.018736558057884288,0.05072054989589807,0.03380612897833723,0.012746638712685396,0.03245364896676801,0.07518139835788931,0.1629137765535305,0.010253929934497617,0.09769289963592392,0.09408729261510206,0.380740183330187,0.0005264843646759458,0.0005349775066436433,0.0004436223205174067,3.936393988685956e-05,0.005122488044419281,0.00038032619258194096,0.007120738181344035,0.0002881911545287141,3.1281013185545396e-05,0.00011326189373135971,0.0,0.00021917401484409344,0.0005484603368841338,4.1739538702353895e-06,0.002000596468218251
0.009396749348967231,0.012895343626652496,0.039100595456767494,0.06141593218350729,0.021685408462751788,0.04105364772259664,0.07668399052921095,0.1217085060211547,0.01386540253611008,0.08233786254136825,0.1521356429054147,0.35011257033148124,0.0014486811891527215,0.0004284401567058535,0.0,5.0170978527244024e-05,0.006297844216848198,0.0006464555318704807,0.00577953785792632,0.00019276083751270794,2.4639122039886252e-05,0.000195706792042778,0.0,0.0005229726479506198,0.0006057264971751026,1.406448019925636e-06,0.0014140060582452506
0.01508737390693944,0.015274566230223023,0.07366667889652932,0.0700951051991854,0.02571008212888023,0.03932173532448935,0.03884997241855718,0.07919976417893845,0.011548339610522727,0.06575452927806111,0.06696615741687047,0.4679098246913171,0.0009190430582898256,0.0008464545267466376,0.000895887758826888,3.5109730987862626e-05,0.009633987453541524,0.001099869237288553,0.011753638233685903,0.0002144551947805154,2.5491996516711418e-05,0.0001514662360212133,0.0,0.00038829415465295436,0.00208326256612208,2.6873645892278007e-06,0.002566223207436177
0.01681767432154438,0.017963712124243327,0.039793183729562386,0.051242533248403666,0.02860221418950244,0.09797491747186735,0.04062591035652459,0.08337535613912253,0.01166676956546499,0.10944202444463819,0.12399992149704693,0.355698751022334,0.0005007293542473439,0.0005881445811830451,0.0006202980768351699,0.00014954015170864083,0.006132044110440964,0.0005285912660450102,0.010207898722800377,2.5506430995336638e-05,1.9497759476895195e-05,0.00022364262970519939,0.00022517363842818579,0.0005298063380597787,0.0003291721219834187,0.0,0.0027169867078359273
0.014779757893695036,0.01592334030027458,0.04192390861328244,0.0663333121564407,0.017384115399719402,0.045037397643647156,0.06209014997352645,0.09175755282716833,0.013225695368919828,0.06006165230307235,0.0698830454857496,0.4845604582500555,0.0011353306976613533,0.001048638701299717,0.00048209186231523135,5.5430143668434865e-05,0.0014842185862942398,0.0007844339152952923,0.008839374725074331,0.0002488409776401985,1.0692937585559238e-05,7.526392195285244e-05,0.0,0.00035157526837911604,0.0008573694569981615,0.0,0.0016663525902840817
0.032291992147785324,0.026544378664482823,0.05480077767858392,0.0673557608650521,0.020202288366673024,0.05382272370580167,0.04156383464676913,0.0689078427187608,0.019652801779965045,0.10621625703624539,0.12474924995212631,0.3659885021205104,0.0022277678031047553,0.0008493934237054439,0.0,9.027745718097055e-05,0.006628685609343481,0.0008174493335969938,0.0009911487969548995,7.628004538783891e-05,2.7540752843438273e-05,0.0004953794154423735,0.0003454620514618486,0.0006458727723140075,0.0004449126464786725,2.3694477824139344e-06,0.004261050761646852
0.015207241870657815,0.01794362370994878,0.04473972910614344,0.07369283316322918,0.014354653163569106,0.04826477542826768,0.06805797168985392,0.12554473603633953,0.009194387403580374,0.12609873619645748,0.11174303274564383,0.32412106671542623,0.0008099177091967982,0.001053622001549027,0.0006460797386407017,5.4372871866850736e-05,0.007918157468422865,0.0008045936264425948,0.002119517967866728,0.00015020958486179782,1.6738553365088226e-05,0.00015667090166654867,0.0,0.00015768234958555741,0.0008128978339781179,0.0,0.006336752163439967
0.014350455868536645,0.01967997872431169,0.038523851327215086,0.04784824273990617,0.019377414254293117,0.04667678026170131,0.06408611110099442,0.18059932589552408,0.01677372323487673,0.11990883921047574,0.10065932068135058,0.3038834477465443,0.00032518580446163573,0.0008197073828572488,0.0005529755696631218,0.00016667190760068194,0.01303568318528549,0.0008464016566655571,0.007752595363023558,0.00031572918295147423,1.124831433381362e-05,0.0001279013554745803,0.0002753598553224183,0.0007497650975984427,0.00028550759088172734,1.6186031807333348e-06,0.00236615808496979
0.018740675613478724,0.021524137643577034,0.04793145073699256,0.0798053078288362,0.022036542281808943,0.02354162647225894,0.05378099552595761,0.10900232181384752,0.00931824830957396,0.158814357845088,0.10986936111972558,0.3290565988793974,0.0007493705359490101,0.0003607255487415851,0.001281076539215966,8.522775384768751e-05,0.00849009936817588,0.0011563453278259836,0.0017292698519106593,2.8679796179785604e-05,9.258959709210765e-06,0.0002709719999862688,0.0,0.000739242476812092,0.0007982996586056175,0.0,0.0008798081124979172
0.023663711806222572,0.019733775603398646,0.036557186790138765,0.04637137717310817,0.020636817529854884,0.042085222366429156,0.052215364298720215,0.17571166719155468,0.015513695967386172,0.11756075812376371,0.1256104229390193,0.30400231370152864,0.00035427667166933045,0.00029577111478383945,0.0013646974057007276,3.110111257024694e-05,0.013391027496608204,0.00025737197184261935,0.0013763493873012308,0.00010014420241737847,2.234779695578956e-05,0.00017976733996021262,0.0,0.0005208732348795773,0.0003709648105527724,0.0,0.002072993963633365
0.013271909441402935,0.013525876372857097,0.06271955148379721,0.06179350461635063,0.026816386737472372,0.060686974011615546,0.041977617823914494,0.12009321354994835,0.02182154821262786,0.18125770921982315,0.09003593452746353,0.26752766787072596,0.0005997653475214734,0.0009757624472483215,0.0,0.00013272861707946547,0.010123794166165484,0.0002577374556029236,0.017544320409116927,0.00023968110937737526,2.6190992939214423e-05,0.00031771284034275333,0.0006749400128804379,0.0005740021958570066,0.0004068543606979157,3.831423785571488e-06,0.006594784753385884
0.031426732067251786,0.022048338143966596,0.08606441858850561,0.07306935525479258,0.028667745089008424,0.06411932260329051,0.050749262854942356,0.04272904478655372,0.03736587698341537,0.12601488472483902,0.06203121133783814,0.3526113207355263,0.0019020122514391228,0.0016445584844603474,0.0,0.00020634950896275097,0.0036880328626133618,0.0005801683129565705,0.0041605664764342715,0.00013290832101513466,0.00010482826873532614,9.237919143205401e-05,0.0004346116311607284,0.000617255005921658,0.0003853623077085038,0.0,0.009153454207229695
0.020190141108840726,0.021118569854894582,0.055529291772188995,0.0920859983092705,0.017936220956479936,0.021638177890092706,0.056987614189431546,0.06776870757274592,0.01457374243449455,0.20263365353466287,0.0826728057627457,0.3305007751256799,0.0007114148364513531,0.0010587851132195468,0.0,3.2463984471896653e-05,0.004971100273992809,0.0011239158439690286,0.003747690090986233,0.0004746362136685983,0.0,0.0001161937698063865,0.0005491441900826621,0.0010968990122159038,0.000214080506452741,0.0,0.0022679776531548718
0.011813510271259046,0.022066781447719962,0.03616550499337601,0.029561270833945993,0.02103406902730742,0.030138735179157113,0.10492723742090168,0.14042402148909253,0.012839045984359207,0.08751222389261848,0.10625799905019298,0.36147496059199846,0.00041039713391081186,0.0011276343718923637,0.0010063098007583584,5.206901145431126e-05,0.007011296718480712,0.00041890104252381553,0.022763100415361833,0.00012744073485020964,1.0580583333643463e-05,2.4571379512381904e-05,0.00020343347627697927,0.0003985147684241342,0.0003514539658102869,2.9283550121082246e-06,0.0018760080604690711
0.011213168285316922,0.02354119959673757,0.0386669985262904,0.04545107909861464,0.017500079999707124,0.032941043481734586,0.05126829217684449,0.1643682219111029,0.007598544541757913,0.09246793170386333,0.1370312799138462,0.36101588306084265,0.0006043670656037901,0.0006418488491656255,0.0006144658814363216,3.0345987247712917e-05,0.008491001237280279,0.0004318605009084261,0.0031701318436889803,0.00023698744914279408,4.233167426483201e-06,0.0002416605267474555,0.00019348578527622598,0.00024363853410427593,0.00020822042087912773,3.4996705018982206e-06,0.001820530783932057
0.01860562808968956,0.02398022047372082,0.09319453008362193,0.05321467243011645,0.039946702207461195,0.025111915647173636,0.03934997352751699,0.04324456673627658,0.012740330014395205,0.1174234975763963,0.06416538244873167,0.45161197470698966,0.000652632243544722,0.0013724092645474046,0.001298126040900201,7.528056741129812e-05,0.0060283508861796765,0.0009239100096759161,0.003259032203204683,3.051656889572758e-05,0.0,0.00033144789513757855,0.0007869814602780747,0.0004854703907339167,0.001620897591455745,0.0,0.0005455509359449494
0.03195468823957852,0.01962612146367043,0.07768861979009634,0.06458945532015295,0.03885750255811167,0.03942499677655113,0.0363370355251523,0.041093919284438535,0.0482786907706461,0.22642774293975626,0.06515826898980577,0.2579215221670583,0.001013319108608041,0.0007297091904496589,0.0,0.00013117695808595618,0.010892318829882397,0.0009322960646788426,0.004659296738511997,0.0012440300315419346,0.0,0.00017907450927543163,0.0006703116133498247,0.00082829871868366,0.0004126880740130989,0.0,0.030948916337900936
0.014563079098271653,0.011234024119833368,0.04060896581699725,0.04269009243816898,0.021346598280236172,0.04113092031397935,0.07888040772882152,0.08906687284001553,0.016662596169026996,0.15739671102819597,0.17146501553347385,0.28762211106605157,0.0013906796143735533,0.0025587681650371882,0.0,8.578933444896195e-05,0.0018363008980587675,0.0007506191420619809,0.011735482541521972,0.0009091679403582169,2.7986859489424523e-05,0.0002780201737039661,0.0004405601269246116,0.00034999449386864407,0.00025734079646621747,7.079366578490772e-07,0.006711187543956421
0.015945094679722212,0.017795674652607802,0.06853250377054133,0.11642399648068714,0.025448968511814125,0.06172125689762593,0.052085097266730704,0.09825206325520204,0.017794701626086352,0.043596756543232404,0.11435156872244552,0.3190346758689056,0.0004069874979305145,0.0008740962960875308,0.0010275160606705981,7.150634481255526e-05,0.007538530870110183,0.000577241361541404,0.03620201860938597,0.00020223819458329583,2.3428458368119373e-05,0.00032768227486852853,0.0003256799322400152,0.00041326024064752614,0.0003475789019082752,4.513841988344136e-06,0.0006753628392560202
0.021757901642302756,0.01829786360313866,0.057490453730966506,0.048526362957006346,0.032035710672357366,0.02651785877515864,0.05765680121331803,0.06734736526348863,0.016741287210923373,0.23120566172972268,0.08253810966102423,0.3181412463720464,0.0008504574087991857,0.001101104931529166,0.0,7.009409525266126e-05,0.009078773902938389,0.0004183868913026399,0.005550208008701368,8.334200931491406e-05,1.2628300428473164e-05,0.00022303143407699361,0.0006849678508503727,0.00020528650620353663,0.0010266611822685862,4.662772436315584e-06,0.002433771874443866
0.012877532941464043,0.017496083774289413,0.04213925403128718,0.029647110564746944,0.026380740304932274,0.04875376317512822,0.06699211892386665,0.1538630352547402,0.008815426505812575,0.10448994084963951,0.1355978184072012,0.3324898001012489,0.0012336821106199893,0.0010374078647387554,0.0,7.523879173917032e-05,0.009881658653603026,0.0005185864260541975,0.0013732552191748075,0.00014459632099301706,0.0,0.00014184934883188917,0.00028786048572389234,0.00033930122081593967,0.0004889982527045716,1.465655675401767e-06,0.004933474814968252
0.026706100793782578,0.024225099062337815,0.044306383160927186,0.0580508829301037,0.023992963796490924,0.027983782954769016,0.0582196667383201,0.058016597709767255,0.01690250229427452,0.20096158543694487,0.14791483001492645,0.2606842060471809,0.0004680843310050842,0.0010693626771616765,0.003977727060754051,8.318677990703716e-05,0.006554043890531414,0.0007337264308344521,0.037610978241160144,2.9079531104851644e-05,1.3201339277464162e-05,0.00014565850116933274,0.0002777251975173382,0.0003000250988709154,0.0005360287239689894,0.0,0.0002365712569119152
0.016100098347046208,0.01755226268779497,0.054550766585175596,0.061333333027549786,0.023367304181945783,0.06530734330070502,0.05772011743642751,0.16822752053285764,0.012757016061106588,0.07726942135357373,0.0990519092203608,0.3308097633066643,0.0009672703533051259,0.0015426593960205382,0.00038585774889065606,0.00030241088862810033,0.0031571986936212867,0.0006416834530755043,0.006169881119628324,0.00013470072966543622,0.0,0.00010861549143153302,0.00015338186107351803,0.0005261857760650305,0.00011485678021182379,1.6714942253636938e-06,0.0017467701729499219
0.01657395403349285,0.024079415818254297,0.03136317220545003,0.061706383238713296,0.013644180574112645,0.05443176838337779,0.03319865731106358,0.2986358493301121,0.009555287677818833,0.0768739629181939,0.08871544215014353,0.2802953540199428,0.0009125403578409792,0.0005904334648678974,0.00041047671956071554,1.5252521536640754e-05,0.0035909453622094013,0.0005719281360940934,0.003177714773078318,0.0001465204022842807,0.0,0.00022068384562438868,0.00020017968607309385,0.00014964805817652797,0.0003957578431177661,3.1216974260733923e-06,0.0005413694714339874
0.016758047924032363,0.020797713389896083,0.031932300641891204,0.037896593084957325,0.013829006506138407,0.11274712615040933,0.050093818241108895,0.1399512915973578,0.009419150165422436,0.08130129976817495,0.15216602322975456,0.3153972216246783,0.0003198051777978037,0.000609818245815895,0.0004934131755962794,3.715883505909136e-05,0.010173553394409592,0.0007072703467701214,0.0026031167499176175,0.0,1.660932008119595e-05,7.918199131768424e-05,0.00021745116930532314,0.0005416281246487538,0.0005112831872847536,1.0354344083057786e-06,0.0013990825237659287
0.012438829437797623,0.01579610068653128,0.05244613192094824,0.09307900755904949,0.014870234746228247,0.062003909544965714,0.0811440127418286,0.13569595146825647,0.011230524142918256,0.09808947326807357,0.16632028996883255,0.24267264742334163,0.0005560027530070732,0.0009773319288424308,0.0,3.435593897375543e-05,0.003858098823844811,0.0003776404984325079,0.004861619929914298,0.000229018904583916,7.695442013610751e-06,0.00031319651361144034,0.0,0.0004652425894781191,9.814493458190736e-05,4.190470733368424e-05,0.0023926341266108826
0.012084928940616337,0.021919140876505393,0.057150629162527666,0.050341102275791395,0.018272981665797782,0.03737930731097853,0.08436459019296462,0.08844885076260732,0.01345405841382019,0.11249691347615673,0.09797382311657499,0.3843882820362018,0.0007270082224206596,0.0006107042592642073,0.0,6.607290151705429e-05,0.006501824179814889,0.0006203864297059262,0.00742156233415041,0.00031056374514874016,1.4328895846498846e-05,0.00019241328566645658,0.00016026128223935664,0.0002962594607612984,0.000690077931077956,1.3068605789440473e-06,0.00411262198126474
0.013372955853190743,0.021172737980786692,0.08294143946732291,0.058122868010030596,0.03011963371327652,0.025464492864536864,0.03726824176235167,0.045146092308309495,0.011597396556410781,0.14173583576256665,0.15055943459869803,0.3481988912846273,0.0006749645902380903,0.0011828268839569314,0.0005513344149932,3.4024181103343075e-05,0.006566522350395576,0.00045068264700871396,0.021392714854293095,0.0004420790769043219,1.1917523863901473e-05,0.00019183346221252694,0.0009009061456525394,0.000655590328867632,0.0003791109559895637,6.973006577244748e-06,0.0008584994158352496
0.016213051729680367,0.01955598362293008,0.05819217674446545,0.08535161188013235,0.021977017934258953,0.08895067807127112,0.03607123489230118,0.060191749955700306,0.01128292198437616,0.14324345758022347,0.13602974613028435,0.30141783879612666,0.001122999985680657,0.0005614691250627622,0.0008180340826366105,0.00010056145699365314,0.0087902568577567,0.000958110949636676,0.005849413479935655,0.00013448429629927178,2.9025811775865215e-05,0.00013438169595529574,0.0003404619743522938,0.0011160188486356777,0.00043528694786189683,0.0,0.0011320251656666686
0.02359321448123484,0.033590172720617324,0.07922542776701454,0.08647708177492903,0.029812256480580945,0.01942797250907258,0.06531721254325977,0.03421357765960586,0.027119628119758304,0.06541172729022027,0.03553544383707123,0.4750003419128938,0.0009395436999301655,0.0005873102088292411,0.002284370045553584,4.4489373052708306e-05,0.01158105838924672,0.0008936440748498631,0.0024057052177062755,0.000777817078752281,9.213132329037432e-05,0.0001486942362379028,0.0015801561298722754,0.0017140958800574068,0.0015849280541067813,0.0,0.0006419991922560305
0.013833839222898419,0.014510467357635923,0.04493733409224033,0.04372461423818006,0.024956485727722834,0.060796545650215486,0.05767327373522641,0.20598172376112567,0.015120587627455653,0.08279590699025767,0.16344371051945825,0.2533116042802968,0.00046472806814072307,0.00027631183745472287,0.0,2.121980861966242e-05,0.0033690584881634236,0.00025678444071245663,0.01095177133317991,0.00016439837457047152,9.517590664227824e-06,0.0002258072942226423,0.0,0.0003115301879353673,0.0002945564155655685,2.7550765980434216e-06,0.002565467881459362
0.020135055252154956,0.015631679354122862,0.0427452623215498,0.13075350681749237,0.020317642772430988,0.08936777231280452,0.03934311543451463,0.07918826869342165,0.013754998864676375,0.07733141759698199,0.1006261829319092,0.3517459608515674,0.002106449744145717,0.0005749257297931108,0.0016675660692855867,8.721189594331008e-05,0.004874737548116635,0.0006242337582499478,0.005959932263228135,0.00011926518303738529,2.1985679113572205e-05,0.00021964086789697635,0.00025078174901642315,0.0009549776581285155,0.0003285179799959471,5.211969195961149e-06,0.001263698701225854
0.021523052580475266,0.01969869993653854,0.04840542323103357,0.043727375263850565,0.02665573989444107,0.048298573854164605,0.043641455340191815,0.10018961901937451,0.016487153453667303,0.11836495769474419,0.15101557495691284,0.33509693974701793,0.00129254221613477,0.000532167280423056,0.0,7.750122953243088e-05,0.005377243343841675,0.00047274501349299676,0.01294977991945109,0.00018196081943007078,0.0,0.0001490172334287595,0.0002455112456439057,0.0005726582443093975,0.000358675970827952,2.326921677014162e-06,0.004683305589394811
0.01950721728633971,0.012795918440669274,0.04306623142404483,0.06887405766753064,0.021644748589791662,0.03544814776228219,0.05587182842911647,0.10496522766188851,0.012789144773661954,0.10507480632817792,0.1518812702141338,0.34950771239068706,0.0009417346856576778,0.0004905469108963567,0.0011600501830342942,9.031053930411084e-05,0.0063204603401826554,0.0005584915351180694,0.006593098618261607,0.00025115062093825633,0.0,0.0002021721678609055,0.0,0.00029091197452335257,0.0004547824815569801,4.3219430830717e-06,0.0012156570312587167
0.011556620619408495,0.017932678428063193,0.04715534683254341,0.06612269948093293,0.0199934961233398,0.11789479310100479,0.06744426832175969,0.21735364389090422,0.010540808246830756,0.08113816663897933,0.1047460274031467,0.22800120754704653,0.0004171439749115862,0.00044089361449381774,0.0006688227546965539,0.00014316381322592914,0.005828352015539386,0.0002670941235187833,0.0,0.0003252427274337194,0.0,0.00018153347054823,0.0001689030965093,0.0006493051922084819,2.7896982642908488e-05,0.0,0.001001891600311496
0.012670515975857005,0.009465104337512945,0.05604328301272258,0.08799887556439974,0.02063978325073492,0.028355205155458172,0.031964463208164304,0.06994006559398637,0.005369299018550738,0.15120223054951162,0.1369632146272918,0.3535068500118813,0.0012184592507163215,0.00039544057596860424,0.0,0.00010011918960729342,0.006046817881061208,0.0006534753776590587,0.025897782578635502,0.0002856762727741386,0.0,0.00027859158785132346,0.0,0.00020593861176600948,0.000796698713124819,2.109654764119132e-06,0.0
0.024162463089419776,0.01827108026589755,0.06426727072717342,0.19094550837634244,0.023705304076657236,0.03406603759791855,0.05049769906596793,0.04229682623015201,0.011932266937517469,0.12470567114225732,0.0666709279304389,0.3351020085195284,0.0005766112075149983,0.0010255547781412456,0.0007959141867939747,9.807077300312702e-05,0.0029468186453711132,0.0007707361230731121,0.003556859523343872,0.0005384464066312365,4.094185978362813e-05,0.0,0.0,0.00154908676444604,0.0008951026980542547,0.0,0.0005827930745722745
0.018268748589474953,0.0245000710727795,0.04025855372361339,0.039760303406468064,0.018900075314991178,0.04222247956702432,0.08935867226685494,0.07755381007390287,0.006635586588665229,0.10655553509255397,0.15797249427129703,0.36427919026387895,0.0003686297185520281,0.0004823876816643604,0.0003436791863267655,5.755812473021388e-05,0.003607932799451124,0.000428665214955114,0.006639611071512754,0.00013662814944104338,0.0,5.8813419722660335e-05,0.0002611447665327298,0.00013953785728366915,0.00043934500820187755,0.0,0.0007705467701214943
0.034304958772443786,0.012392838244362537,0.06482611785587972,0.052863709663071655,0.02790711725776243,0.04034720741644541,0.051449391834539636,0.10618072601824205,0.011977834195436047,0.20915634125691304,0.08918911078876596,0.27175589270650574,0.0008398771773767747,0.0010771516085345651,0.0,0.00020243896052724573,0.0012700203802325119,0.0005559056163839094,0.022111862098428806,0.00018450055017450224,1.7191972086677143e-05,0.00027963215501657047,0.0,0.0006128018056221718,0.0001641900698805803,5.609831426953895e-06,0.00032757176394085385
0.038941071078941375,0.04145880753603939,0.10195768377827716,0.10679399953810834,0.033798258404734695,0.028449712567702824,0.03746243680043955,0.03416585944002394,0.022207290148027463,0.1190504603486482,0.03362413813354398,0.3774563831999127,0.001197825236568421,0.0009443543151204458,0.0015552249287616362,5.282574541105629e-05,0.008206128356185153,0.0012535225815659328,0.007487484292241664,0.0001587613566844735,2.3196817095288504e-05,0.00028603340831404077,0.0004984043924497638,0.0013290950280402003,0.0008743224647456868,0.0,0.0007667201024164109
0.014959215675081447,0.020335262493236292,0.04342759525374969,0.1532073989834474,0.017783924929897985,0.08001461826180442,0.04722904430698355,0.07741914248780815,0.011483341096288301,0.11966763274925177,0.1389361909380139,0.2581982827466923,0.0006867057853761684,0.0014685187321958927,0.0,3.98515668116945e-05,0.005941475735784574,0.0006591102329883215,0.00604429303967491,5.410432873832487e-05,4.216282283716748e-05,0.0004029509857280208,0.0002504081650793995,0.0003618298844403406,0.00017570910180251642,2.1135490565874485e-06,0.0012091161472307474
0.017953922885094002,0.018609027577282423,0.06458357452353963,0.06631073624223904,0.020690816434674072,0.043122627949320924,0.057267116319980264,0.11354017062547753,0.016003177266959975,0.08896442654610787,0.05234208265125872,0.42186102471227793,0.000412792975509079,0.0004997356913616761,0.0,5.364713081653051e-05,0.0030535424572604997,0.0006428434130897236,0.008447233068933495,0.0003521140140091163,0.0,9.424933619179513e-05,0.00036938705401372176,0.0002523001731798418,0.0006349097384490351,0.0,0.0039385412129730344
0.017055583843356214,0.021785677399057988,0.048045737745197555,0.040546736407653626,0.017618383751102515,0.04442348822190313,0.052247418860665855,0.10877040639163064,0.011273939995543894,0.09419069584677241,0.09864430406873714,0.4242413320505181,0.0008801071456063325,0.00022362940645982143,0.0009517786564538435,5.1573109841885244e-05,0.005442143979507432,0.0006331976121726747,0.010162672388828163,0.00041217947576696666,0.0,0.00012648440883619033,0.00027307669561572314,0.0005517260565448615,0.000737694071210554,1.7363352253417488e-06,0.0007082960757909204
0.012355906377511612,0.022005002743105732,0.07790119079898876,0.048759266689776815,0.02757674043900489,0.026942640764618386,0.07688629633807445,0.08332483129387963,0.010494492961833532,0.170355796118813,0.08741229209366679,0.3411559112874256,0.0008278637417804254,0.0004710920570416458,0.0005597427041431345,6.356053906511092e-05,0.0066118542803578016,0.000541062749789414,0.002587639192304837,0.0005558515540344774,0.0,0.00019014871417212433,0.000642056437542366,0.0003862300362510852,0.0005354722845879461,2.600873685924936e-05,0.0008310490653711433
0.009930905587552694,0.02321067131702347,0.05367479777612951,0.04229554251949464,0.018367325499151498,0.034142541221898616,0.04351199384864473,0.24467396550469864,0.008653644985874107,0.095387530549525,0.1155233375859508,0.28844966916068115,0.00020782221120806555,0.0006120425487065534,0.00038843959750376107,3.380471996407974e-05,0.005075788809497856,0.0003464194723062404,0.013241890290678515,0.00019715112252178922,0.0,0.0002835096527167018,0.0003136160467704801,0.0002856090428015716,0.00028925175414805864,1.4267535379540694e-05,0.0008884616391718852
0.018256061436748208,0.019550643383385358,0.07824538498794895,0.0282619724636245,0.02167776226871754,0.04670842403759893,0.03651526388053858,0.09183246375607289,0.02442639054501354,0.10998485500485113,0.08642609991266836,0.418398559214504,0.0013755870080500285,0.0003701042199412242,0.0,1.9106669931187246e-05,0.0038828773968092346,0.0005543625807345965,0.005557291584443933,0.0003787573614358002,0.0,0.00013216784177285453,0.0004599112204464129,0.00030960199088948007,0.0008143547842982241,0.0,0.0058619964495751
0.023912394604725818,0.029152771418782246,0.05272956306220174,0.06914110016917618,0.026608993657545696,0.02636453483211152,0.05370777025412792,0.04963592911836323,0.020681360577170554,0.09429074000818469,0.05136985515937668,0.4871917551152369,0.0011591859862836232,0.002774378120692706,0.000544510319909813,8.997002408672181e-05,0.002884658639643927,0.0006353890150061189,0.003016896106902849,0.0007463995347072751,1.4476936397419633e-05,0.00035786328431317824,0.0003475496804160148,0.000674717816909359,0.0011916050917946484,0.0,0.0007756314659329679
0.01637572278306078,0.019841065566865913,0.06279988508300743,0.05563580704383839,0.015239842929102949,0.036074004505341414,0.055962447921013236,0.11120987531332976,0.009840178221350753,0.07835512316356058,0.1454957588333132,0.3752531407677498,0.0009967012151459306,0.0011998819321226806,0.0004153114039403152,1.3141796794785996e-05,0.008797340527056906,0.0009185817641557409,0.0013987490125254457,0.0001878755390362234,2.4411766915596964e-05,6.941840380273443e-05,0.00032357460970858736,0.0003843355946423067,0.0006600745522089161,0.0,0.002527749750409633
0.012808317894052323,0.021082426856749322,0.06156882430223199,0.06546471218064875,0.0200093950473167,0.0245388051512528,0.05798703577462555,0.10673551797694074,0.009067309900356082,0.12712815654083623,0.12070309119356315,0.3474982757417441,0.0011611835573881275,0.0005229076557692766,0.0009263413456124477,3.145065717386608e-05,0.017074241320983403,0.0010056771212186985,0.002672504311751152,0.00026963415855731977,1.654987695001772e-05,0.00032321924937977635,0.0004817588182260012,0.00022752645836069258,0.0006915065744889594,3.630333822651569e-06,0.0
0.02175634881507428,0.01706273935252052,0.10596281784978358,0.0818940913395702,0.02294630802437036,0.030417285908741338,0.07098646111275998,0.042707471514695707,0.013432886880699609,0.14935233765454073,0.12718888549719834,0.30305596774476445,0.000736894632780243,0.0019591750843476353,0.0011349048903700524,9.515977849996855e-05,0.005941240028428572,0.0005017350775812685,0.00042728420869147187,0.00014310258651334978,4.422989075054746e-05,0.00015710820458584565,0.0003930768158789498,0.0004360182623786791,0.0001980091002610829,6.910759578138582e-07,0.0010677686682552892
0.02311439839111114,0.024287014914308125,0.09090127461488032,0.06038831682787879,0.032194134985770215,0.038698624037878215,0.04056409991473501,0.04980737891369802,0.01614436181820049,0.1125014776515238,0.0629632334901108,0.4245174940825249,0.0008365545057017724,0.001355742426041743,0.0,6.339860410669916e-05,0.014412138325717519,0.0004696955270071616,0.001628670050634707,0.000505103271430903,0.0,0.00025568411592721265,0.00045154495760796386,0.001331762092840187,0.0012478110412247295,2.253992279385011e-05,0.001337545516345564
0.01602273933146823,0.015814567845590717,0.07490308699602802,0.052258942229684774,0.02619711729260076,0.022843571835903336,0.07814610864447338,0.04905713856756309,0.013487164850682984,0.1354948845135998,0.10092254308341407,0.3939994786882582,0.0008092323599303722,0.000777356678147827,0.001225382524825625,3.842891120339859e-05,0.01207369465146228,0.0006231654660856267,0.0015999057824246134,0.000273920902192476,0.0,0.0004706891402809863,0.0,0.0004499668295957706,0.0005800238659347895,1.7974942197321546e-06,0.0019290915144292275
0.01966194213204898,0.023756558877968226,0.06215478850657021,0.05219530981095457,0.027438633368752335,0.04887572121643626,0.05933714911636638,0.044079068758168874,0.018817080296004374,0.06933438506882714,0.07094275337833952,0.48225850227265604,0.0007515192954046398,0.0024639801290509723,0.0007651978184755413,8.635987863112454e-05,0.005855613657557318,0.00038875130251871955,0.0058794273090463835,0.00047104194925618934,8.793044614942968e-06,0.00013644849787177108,0.0005225438426460143,0.0009758998997514723,0.0007737735345550296,2.473930164642425e-06,0.0020662831073622718
0.0126713986938096,0.025922680574160334,0.05653763810615439,0.04889119413377408,0.01920008171871855,0.027160665010091817,0.04184180584235791,0.0787556541363799,0.018771852367833814,0.14556227493931792,0.07757818101206741,0.4181044924912925,0.0017434156579026066,0.00027488278218360906,0.0005284124426197233,5.901758719681526e-05,0.015851726466833336,0.0012762249944319307,0.005894819012208528,0.00021379557877544933,0.0,0.0001524126806204427,0.0004756859165160854,0.0006215331177393649,0.0010972912650129658,0.0,0.0008128634720007866
0.016754436376295704,0.015456669036985698,0.05192166886482675,0.0710069412474082,0.02224179418307753,0.03059798343203943,0.04225121793742489,0.17008185765074324,0.01130552026703097,0.1260943993609858,0.1332651240782883,0.29068808029702936,0.0004809939635219608,0.0017673709818788253,0.000406573147596696,6.012129551823487e-05,0.006793251094935451,0.00023962976239082193,0.0004213125743499137,0.0001516172737839695,9.727591699986127e-06,0.0002070819008037062,0.0,0.000554614446980732,0.0003640301923760012,5.768408011754347e-06,0.0068722146340160165
0.01742533256009505,0.02039150335061396,0.08704367036505534,0.04040241347304097,0.02500910190569865,0.022348671249996708,0.05330256029136483,0.03278172814911442,0.01262644853160304,0.17512370611407757,0.20326845023868967,0.2895151879502418,0.00030929909896249404,0.0006176890470394889,0.0025688206885152785,5.6034648764578395e-05,0.003838838400815451,0.00042983520537896925,0.011151699987926365,0.0002012202244075019,3.303015502171527e-05,0.0,0.0007404918920346946,0.0004266565681820788,0.00038447253038455823,3.1373729748897906e-06,0.0
0.019751690300367015,0.02547230926037977,0.07249530039667841,0.03879341534344318,0.0425146653237966,0.023366569556056746,0.0510541759670988,0.0766167182569042,0.011759510913002556,0.15316301397795853,0.14029644246577458,0.30678869688024196,0.000978202433721605,0.000662279972507692,0.002977712286755718,0.00011353614628568393,0.01195128784206928,0.000479018920970853,0.017780200905252824,0.00022733525557176788,2.4396852725265367e-05,0.00022180752474379467,0.0011262159602481272,0.0005037498399026255,0.000881747417542523,0.0,0.0
0.026547997745425694,0.022908266767826806,0.052669092533708016,0.08912416098063021,0.034810337664498446,0.05036697977852001,0.04564826659553739,0.049487735801243535,0.015884626094580256,0.1327964643066833,0.07540500847143178,0.3878779758951249,0.0013184643200212273,0.001246904848141092,0.0024250650008791463,0.00022151902593415648,0.004096134730905347,0.000468337341523079,0.003311040029879176,0.00048794169087778384,0.0,0.0,0.0003282987553001199,0.0010276765004353034,0.000813402502019705,2.321202913104119e-06,0.0007259814159604241
0.01617733084573753,0.016801235192556527,0.03695826709104617,0.07293495662916229,0.02160622363544956,0.03206204002355268,0.07654590654231204,0.1731924545990852,0.014041907992409551,0.11443727932114758,0.11074884248889756,0.2735579664633478,0.001756881428691128,0.0006601148459792594,0.001152815569180839,5.986024551141843e-05,0.003690013391324383,0.00035619705408297843,0.02974105821534402,0.00015209803990899414,5.2073396344564556e-06,0.00015981684085867982,0.00027970499191275574,0.0006608889108134026,0.0002346215174028629,3.2856205452392786e-06,0.0020230251641053477
0.015390849039512312,0.017847521193006394,0.043061150594455144,0.03793319942090469,0.023569432228250992,0.05102886940288362,0.04257323801055563,0.21749382338567402,0.01434969757025412,0.08425587781526081,0.08083543403231672,0.346928403219976,0.001982991352256057,0.0007926511638164397,0.0023708342745712672,9.607486744438149e-05,0.006310793072246806,0.0006542410901494404,0.007099339958387115,0.0001899300986263322,2.5345523161498706e-05,0.00010341177332216642,0.0003938394641570836,0.00020144520517631522,0.0007590141648931914,0.0,0.003752592078741631
0.01602386907461289,0.023371378097772035,0.04445379346611102,0.07008601511163613,0.021757076673067765,0.03322377696928537,0.0463306403567354,0.20143821576119647,0.006681690991486131,0.10317452252110852,0.07244581565866519,0.3436928555981285,0.0007235403386110951,0.0010316714963275251,0.0006009027720901225,5.177709876539773e-05,0.0049921829455875835,0.00041771648798734096,0.007853808055986237,0.0001711552316591074,4.142519560931312e-05,0.0001389978682982166,0.0002781224195280006,0.00017683505622503686,0.0004336054393366703,1.4110078248239595e-06,0.00040719830635808614
0.02026426786036495,0.014611818836586713,0.06519758576698848,0.07303628303968218,0.024384609698220507,0.05723117853768053,0.0641871272181039,0.2043576472931006,0.01688324258258621,0.09531924350000082,0.14068536171122853,0.21509582512141404,0.00047691607869429346,0.0004363125415024631,0.0,6.891845152193537e-05,0.003209124993432589,0.0003615611846749272,0.00028528197172978856,0.00041060716738477396,1.3793751722568794e-05,0.00011165348632262735,0.00015616898058287064,0.0006140875916704387,0.000125358031254268,0.0,0.0024760246035489455
0.00916983287110917,0.027175914839427863,0.03241097453614137,0.0573893231316382,0.013926458712533556,0.053998520281898804,0.08235641754184894,0.14806469113909018,0.006625369739151307,0.08599660065863253,0.09249396466823484,0.37522786667321567,0.00045756923061106937,0.00017060815325478112,0.0003278926255261517,4.155643497866547e-05,0.004231705539851918,0.00030072033336232573,0.006612459571862135,2.2807269023120716e-05,1.4221712544364723e-05,6.328538829105395e-05,0.0001610922716299669,0.00025170320181618213,0.0005657910881072719,0.0,0.0019426523862186333
0.03100627212401026,0.016762343608900734,0.0849002644259258,0.07962183542663244,0.028735037805619583,0.039420999362329366,0.055222713500244026,0.04428056875627987,0.03479436102006394,0.07733549658276422,0.05896165974583453,0.43041114140805825,0.0009058929514500465,0.000758923094826988,0.0,0.00022353521610739532,0.003021946213007942,0.0006539691652565086,0.006497632411269822,0.0006698088621367731,1.9011959448037598e-05,0.00022454236542237464,0.0,0.0004230179200428759,0.0010490627928873466,3.817780428869043e-06,0.004096145501051969
0.01518154189943588,0.012374647818220343,0.07797369160487139,0.09204794553595834,0.022684148889205728,0.06835344564672537,0.03442288854320133,0.1947370602977901,0.010385695547648162,0.14552825706970543,0.09546082624435905,0.21374374674499994,0.00046497264616496764,0.0005975089679929949,0.0,0.0001364995616050153,0.004776294272999613,0.0003942277306740901,0.008516712140583516,0.00014492522035915327,3.244724481093675e-05,0.00018911492225045907,0.0,0.0005703155136401692,0.00021471364704859111,4.071735164575007e-06,0.001064300554584644
0.02400496761253397,0.026238320495271594,0.03449940639165466,0.03759340764364194,0.01673768778484197,0.04684188611849285,0.027438494093209153,0.2555503700085171,0.013955504666867,0.10919019395376274,0.09289619331104243,0.301139806599863,0.0006924084870278298,0.0002987239199229536,0.0006850965535087113,6.316973266994677e-05,0.004350394004195071,0.00027815930860316537,0.00378437203469818,0.0001346268728573272,0.0,7.649581021193742e-05,0.0002692575680076355,0.0003208812927552003,0.00044544328016629116,7.589123466430041e-07,0.0025139735433307186
0.026893008278154076,0.021171994378573068,0.09384801944839698,0.06649769665059327,0.03262702756251247,0.03686410705288421,0.04590665788272916,0.057589968703144506,0.031092993534821582,0.13622457366284704,0.05585416219695466,0.376580771723671,0.0008994356438801034,0.0018415049659508162,0.0014009879386088055,0.00022942946691542588,0.00277184300240822,0.0008583905403176754,0.0042657717710447764,0.0006551430991831469,0.0,0.00027905899337685435,0.0008506684598488448,0.0006504462337650277,0.0003459360648673396,0.0,0.0038004027445510567
0.020627376950490998,0.01660434776896034,0.06019827297831847,0.08166905221719827,0.024603875701360214,0.03899988427908626,0.04339208785165222,0.10539294786418947,0.016394599063646327,0.12922382285911,0.1720946040549466,0.26989792894515174,0.0006583476773206376,0.0006576093222531097,0.0,0.00022302791391898475,0.015998867964845304,0.00046250573593395195,0.0,0.0003867521610568387,1.2761849434394397e-05,0.000136633946890965,0.00023683868412869078,0.0005594243221610988,4.2308442172788377e-05,1.1970416817332605e-05,0.0015141510289550496
0.013192197491779495,0.020652658639009683,0.05017533624485062,0.0740674613728862,0.024773993644575696,0.029193234379618748,0.06385402365205453,0.07117045644471877,0.014032859888300244,0.1319089874937808,0.11119123406674804,0.36071171953375825,0.0005523806280549831,0.0003349135179211806,0.0012725541672498572,3.789687528086549e-05,0.010073990689183332,0.0003312756367371916,0.01982541829740978,5.735319956168244e-05,0.0,0.0001119343579427446,0.0,0.0004098372934928352,0.0009304287891887652,2.1851511118019336e-06,0.0011356685447839587
0.02439460821825301,0.014286589230788765,0.07331115287932882,0.08979215555436311,0.023264687856418484,0.06671917871956072,0.043784554938968046,0.05406341626908168,0.014920915145329098,0.18506085736531425,0.09251666454179154,0.30303188986043916,0.0018245762590062078,0.0012972791226801125,0.0,7.008453518783585e-05,0.005830750160411267,0.0009462071742902514,0.0007520277564211182,9.317607733293327e-05,0.0,0.00012170358753591884,0.00039324995941301526,0.0004483650975155431,0.00018921543260708826,4.764417468465876e-06,0.002881929840493704
0.014504035356632505,0.019886719144126486,0.04782401440708772,0.05119027645178851,0.022881058667172292,0.028168159158067658,0.05509639874310317,0.10861369393367762,0.009412058003966535,0.17789031568749492,0.09344255436576236,0.3491979003508711,0.00039121955433735477,0.0004220429484465641,0.0,9.781134573402075e-05,0.005112047616125877,0.0003888174419217835,0.013154286897383596,2.193006863506203e-05,0.0,0.00016187513835386487,0.000206880613753051,0.0003692780032228504,0.0002705100380397399,1.0209184485378151e-06,0.001295095145846858
0.015627016842404733,0.014922937357031294,0.08602916686552964,0.10931554814759654,0.02904113322889444,0.025923683462620813,0.031067823245119832,0.08650682594129715,0.013627148513546771,0.0854800511072988,0.07525375588893218,0.402646807515595,0.001311970613554599,0.0014075585391264398,0.0006092871927080235,8.733794585872798e-05,0.0027859706275236195,0.0012444981317768682,0.00031611437441074567,0.00035825444734049913,1.0419881743386233e-05,5.051823431446896e-05,0.0,0.0006459206931422696,0.0007324097829325539,0.0,0.014997841419700552
0.02319179728936237,0.021595990488249745,0.06391402066704845,0.10804662471065042,0.03764988415607563,0.05243772165912867,0.05617588894786971,0.04875343629338497,0.018267081045691618,0.08105147132750988,0.06426107199046838,0.39214843768799607,0.0012181234952170189,0.0016600888866529955,0.0004720785420062983,4.55216216829175e-05,0.002240433637969075,0.0006338972301445163,0.02031573939276517,0.00018000149396635393,1.738786126571042e-05,0.00017826855072982165,0.0,0.0007982664905051761,0.001069728901479331,0.0,0.003677037632179635
0.02009657223901151,0.01569864670674223,0.06822147382957765,0.07810105503133713,0.025184611950611505,0.0398533149928792,0.03289511144924632,0.05106598234731562,0.013367668429535476,0.07845763719981506,0.06688406701611384,0.485243584712599,0.0013123721470006552,0.0017251715367833501,0.0007470789217848005,0.00014647511295090202,0.010407380788437687,0.0009471338730727493,0.004560707203375557,0.000379951304237158,2.1684667013942964e-05,0.00016002154101188212,0.0014556877492195024,0.0007253933236898744,0.002003561385691894,7.840192051093412e-06,0.0003298143488942909
0.01718600582657501,0.010818127584393001,0.050179783997166764,0.04005542959134614,0.021947978937424586,0.05036384777419334,0.05694492865011828,0.13320002583224216,0.018847578054834918,0.124232596583036,0.09669860929615844,0.35604072562952865,0.001145134868710237,0.000459748766424476,0.0,0.00012558729176832974,0.006371057985481678,0.0006506559234923315,0.00458252291474306,0.00027522015036208916,9.622562088075929e-06,0.00018685401415189444,0.0,0.0004145888907775115,0.0007495836680163675,2.014653389600055e-06,0.00851177055357711
0.01877963157292915,0.024316661741178358,0.04078103198455204,0.04996418108340737,0.025947189502466637,0.04210281373387647,0.08416623672454468,0.09273109367179312,0.008289446611818428,0.09038514531688764,0.14811576344468558,0.36031688596454703,0.0006686270412953955,0.0010737972311671998,0.0011532580782979856,3.048806103014775e-05,0.004558475047637506,0.000531455756108905,0.004574555191144388,0.00019491548182226632,7.578199986292733e-06,3.0494423129724414e-05,0.00022621159482424575,0.0002867286614153249,0.00032985587807200973,2.4977842988734375e-06,0.0004349802170832998
0.012439554508607438,0.01747468914251729,0.042528697757981494,0.05016854371890912,0.016503662166596086,0.034047516981967375,0.07575350163696344,0.13022916585099892,0.009927450869694331,0.09782121794893119,0.16305712163607533,0.3297883064890075,0.0005375900077557074,0.0012478644368067358,0.0025101684258434804,3.9741743855331245e-05,0.006403512598719686,0.0007508936522032643,0.004858152643956861,0.00034981896420744425,3.4034760119419e-05,0.0,0.00027156043169942134,0.0008776111885574252,0.00025300686559163413,0.0,0.0021266155724339957
0.012407673592796632,0.012930492277005573,0.05170615891180081,0.052157607033130854,0.021048113444132655,0.04081651916487986,0.03511756150554425,0.0883126406011783,0.009036274688613805,0.142281423130211,0.08572293973152284,0.42826210267540593,0.00042878366316463623,0.0006819229885814066,0.0,3.537666800450227e-05,0.006519638726886785,0.0007603718632665221,0.008231162022413467,0.00021459047686773154,2.6456885134037424e-05,0.00022005512991931915,0.0,0.0003138949617241277,0.0019095388862616618,3.6656792969683367e-06,0.0008550352922561554
0.02913203723060058,0.02795394297148462,0.07292476117177353,0.09309939556951428,0.03427690995083651,0.04311310618102251,0.03819524000722591,0.07264113129594987,0.014751539380704766,0.12786289897189013,0.08613561128749152,0.334724613370703,0.0015840915919009143,0.0008892082212957306,0.0022988528135538997,0.00012203645946282474,0.00952955464005602,0.0012011823909995481,0.007152965053369666,8.805518389038625e-05,0.0,0.000307510579987976,0.00047203440054929173,0.0005760652720165522,0.0007520731363532276,0.0,0.00021518286736656146
0.01946879738108293,0.022279041521675248,0.06221165524547793,0.06450232314644787,0.02474999826953478,0.02627463381711155,0.03808841492252153,0.20854214306978303,0.03126827959994609,0.15783869295598174,0.10424641768427907,0.22154606055600135,0.0008921948953807003,0.0006316837150035303,0.002333156491439913,6.533044227932483e-05,0.00962987508446176,0.0011354597815367699,0.0008584221439728766,0.00027681197242486954,9.792297922618852e-06,0.00015536834530103044,0.00020654699563414842,0.0009451113944807712,0.0002861401060994136,4.106333669010895e-06,0.0015535418305502226
0.018098463687145076,0.016280556066134443,0.06009118669947344,0.07631238860323837,0.02358903138080829,0.04893205497323712,0.08297747564247417,0.10630332000054,0.011798195441507179,0.08362705855545037,0.14219388165176172,0.31545461427733634,0.0014559649515214269,0.0005288011588513012,0.0009053480966951861,6.271341958011532e-05,0.007577406283743182,0.0007150023052495621,0.00044137308438823534,0.0002913672860180671,1.1702292079963801e-05,0.00011451441735858775,0.00015234673747941096,0.0002669765087009035,0.00013796877468020362,0.0,0.0016802877045474023
0.02518706261783125,0.014175866824510292,0.06072877019705633,0.09284019291477698,0.016992485842619417,0.04069258056543719,0.058750295671698885,0.1327143100298717,0.021352564361934105,0.10547883774442918,0.13436942158276388,0.2830474756501646,0.0005371817721817709,0.0008051410703196669,0.0,3.0973631498347026e-05,0.0037766808241638146,0.0004883485819994454,0.002597124715079176,0.00029545283117773024,1.5573879152782822e-05,0.00018126968186633492,0.0,0.000983630832846018,0.00035837997299302874,4.344631180495417e-06,0.0035960335724476364
0.01879290650769322,0.016110472699879263,0.045877140394778526,0.05056552764842734,0.01606643408478473,0.057864506883419826,0.05649933018488569,0.05203571908322136,0.008227649399018133,0.1035088988594008,0.1441002775672243,0.4173190096421966,0.00033266659614885854,0.0004962446045399969,0.0010937010062684498,3.83953727364092e-05,0.002886249813517,0.00047464715863959996,0.005137427056975949,0.0002030482117604394,0.0,0.00016985508415183394,0.0,0.0008511704528941532,0.0008519530313565937,0.0,0.0004967686560810223
0.022768938902494904,0.018690283668383594,0.026998817800232996,0.062441349540970026,0.014974852751654106,0.030809837469043158,0.06081335768524001,0.1816320088671439,0.01617429103465276,0.07993863009289476,0.1492409357578705,0.324744855284132,0.0008987926047871902,0.0005231252709031462,0.0,5.7945964060712976e-05,0.003815509717989279,0.0006418573647519571,0.002065925284200844,0.00030749760501323157,0.0,9.307489551852989e-05,0.00014955214078914,0.00030613039208376405,0.00036366643371499904,2.5617921382438598e-06,0.0015462016793362935
0.02027472264978644,0.015473264900249976,0.04651048980860141,0.07510998086657499,0.01838608410137124,0.028680628542995332,0.058149422617614924,0.09444955420217162,0.008001088017731913,0.10421535105282068,0.11172613507082237,0.39068327013669274,0.0005328265371975288,0.000767396733533834,0.0010471588758049525,6.275568621153534e-05,0.010590823886692725,0.0006513562725244093,0.011537837894534051,0.00041808718461816617,8.965431732972267e-06,0.00018419926529413244,0.0008521653195530971,0.0006586708425552009,0.001025045489975805,2.718612337955274e-06,0.0
0.018663263429804008,0.021197199965430947,0.04562709922796487,0.06483058832942214,0.017387741054113014,0.04944212088543081,0.09555662812075924,0.08336435971191354,0.013142214540906699,0.0817326603464338,0.1538554618754402,0.31796517414407033,0.0003807568652521146,0.0017131939511363587,0.0005354393184658902,9.629600006380157e-05,0.007694904794314042,0.0010902206203999394,0.022261614909966674,0.00018193759754278087,1.2730501924377346e-05,0.00011496047815802317,0.0003437026642168168,0.00030236019892873384,0.0002270413933594641,0.0,0.002280329074581352
0.017404554330157675,0.018309833092409453,0.04722150112335451,0.05108012718087899,0.014842620345865972,0.07505881447750917,0.057387814879645595,0.13529328427148038,0.01411049662808568,0.06266236793801785,0.04298087627231869,0.4414278037552595,0.0014074564974902038,0.00033854076589663693,0.00032642530783232477,2.839380306996007e-05,0.003334379582005333,0.0004462308350914421,0.011781220867745782,0.0009365744219896988,0.0,0.0001327876218299925,0.00023634107505834454,0.00023842237563849128,0.0007871492403631293,0.0,0.002225983311005229
0.02607367011194717,0.015491241442192015,0.05927892732434892,0.10155408649654495,0.022266056834649783,0.0270726584178721,0.07764243105137558,0.08888083133450482,0.027902434526825247,0.10856995308038758,0.052205162990507835,0.3712693589374556,0.0009207155356320739,0.0003968853460616519,0.0007389865496753336,7.60678407928739e-05,0.006769517330803552,0.0010148366749672662,0.00455957621442605,0.0001463153347186021,0.0,0.00030321808339391944,0.0,0.0009774342713354202,0.001168212587734512,1.253421299630865e-05,0.004708887468850812
0.015290299781169315,0.02021636767640408,0.054463909968246925,0.08329326791829413,0.022673646182646716,0.03876085785014837,0.04550588517282549,0.07739972738497275,0.017034113767462885,0.12014013352305572,0.1032856060903497,0.3752863666753147,0.0011866984670988207,0.0004730243512223129,0.0,3.937762086676322e-05,0.009200773049076445,0.001129126538002012,0.010441781162905625,0.0001095438775304559,0.0,0.00026389635405302784,0.0002977718991265502,0.001368420178195595,0.0005695693298443692,0.0,0.0015698351811873395
0.021542006824520163,0.016585641807645362,0.030948797289384905,0.06029008246817728,0.01391460910083355,0.032283333089105526,0.08575523077891384,0.12809608945910775,0.011811068598041433,0.11750458424067116,0.12148864920557147,0.34147823880258016,0.0007965857048918653,0.0014034841236702914,0.0011081798729657127,2.4622740061783752e-05,0.006950730644685762,0.000578049554490374,0.003645389499628355,0.00027640045137789973,9.52170159225087e-06,0.00013819964705651726,0.0,0.0007611052957782342,0.00036718483407557694,7.065831163363989e-06,0.002235148434009311
0.028200759751780383,0.021787014956399585,0.08078942097980374,0.10832748415678424,0.03093181197397661,0.039373059463531083,0.04339714455464602,0.050730513004849605,0.03496583031252393,0.11254737199222739,0.05529105017614062,0.35988800934913834,0.0015182957945697388,0.0006981596048132627,0.0,0.00013108541925111846,0.0030551292672457387,0.00048452406325232364,0.016979227143391788,0.0001906928441506964,2.738230271479768e-05,0.0001908510585619639,0.0003495324625082603,0.0006303305466534571,0.00023074641481999006,0.0,0.0092845724062652
0.020580032366669058,0.018910486797079334,0.053620470243768356,0.0890273460350555,0.03164169107359558,0.03576751129625162,0.06570333457799846,0.10040261535982835,0.009809125665585392,0.10288944859555295,0.16036353915708126,0.29648222798763535,0.0006326007103352153,0.000924013424626945,0.0007543336911942233,6.900218952546092e-05,0.006561756692345284,0.00029641219864443447,0.003056296883910277,0.00012508254584534916,1.4826304744109965e-05,0.0001986835316990821,0.0004544772891034303,0.0008527199270494802,8.564373510995811e-05,2.948652548291942e-06,0.0007733730672174128
0.013674379907118742,0.021438191077478092,0.05087615061968597,0.07176719889745548,0.019641665015823567,0.04725064437995369,0.03891673511498811,0.10299824185875905,0.013491840000394148,0.09436039206195232,0.232666541369987,0.27022185259130993,0.0011337504676801528,0.0007833014689708536,0.0004043255582494693,1.3373673877554519e-05,0.006941653390426382,0.0005487273939769165,0.010327480761121636,0.0002470290135748277,0.0,8.189554143684397e-05,0.0005190973363148041,0.0007085674259388186,0.0005936043031771813,7.822295774666929e-07,0.000392578540770953
0.014089213539918056,0.02245881629369955,0.061833619328797655,0.06758412615348244,0.017980776646380356,0.04547443165573604,0.0729819299784979,0.12984717749627522,0.0067928341214968345,0.0934207371992957,0.09469288214950809,0.35375754084114186,0.0005250316381465712,0.00031130648741605285,0.0006287406469981015,1.8591085786465553e-05,0.010520266670801219,0.0006275613830753287,0.00419922364257409,0.00020811109586237273,0.0,0.00017876142216975718,0.00023807623503509822,0.0005843121740069624,0.0007240725938605468,0.0,0.0003218595200376872
0.012268131168537762,0.020045735007858258,0.04279840878059222,0.041934360253737445,0.016766507980259,0.03362410827979832,0.04164547826183956,0.18173126725951277,0.007759013906213192,0.10117952407871349,0.11844557668027708,0.3569071897510976,0.00041327243437206686,0.0005673197708172225,0.00031475826034756333,2.431422738974369e-05,0.0071866837552987135,0.0005094140991792511,0.013427131485937348,0.00021949155360130246,1.7635681983049643e-05,0.0001470314584634946,0.0,0.00047380376406487194,0.00048693557795727256,2.938277873764516e-06,0.0011039682442776483
0.014240331102711194,0.01906035629312881,0.0528865929724887,0.03936031420795987,0.0262042215784305,0.03435600867983199,0.05656351472696964,0.16436340554380977,0.014813558356149012,0.10254722598764801,0.14048478210206683,0.3121020438496081,0.0003959752484423497,0.0005537835398986243,0.00037213403613985216,0.00010246835023102343,0.006616018936729997,0.0005463590298277561,0.008899854071154048,0.00010296230990812054,0.0,4.2771799566318605e-05,0.00047000019564687054,0.000537580137591645,0.0005988231229217514,0.0,0.003778913821139222
0.017214384394170914,0.023612016683277587,0.051831127784737745,0.15974586503041097,0.029495357931669783,0.05724957843626498,0.048789739918271846,0.07646893267007127,0.02524350264708212,0.05669726108055368,0.06302271279846317,0.3691557380776706,0.001974840185122771,0.0015804160637034712,0.0014892522972759091,4.385612363624406e-05,0.004582460278314779,0.0007609336099479766,0.002577725193406841,0.0005752515031458649,1.3014253549515777e-05,0.0003021482760150828,0.0,0.0006905930734627482,0.00052393371006677,0.0,0.0063593579797072974
0.014052650710426422,0.01289472112324733,0.03393365910586693,0.05385746946963018,0.010972915903510119,0.05738737977601399,0.10807922088458499,0.0984288449202888,0.009481655639516456,0.07571027511422657,0.2295631155711091,0.2758477395400965,0.001042537434862155,0.0005884989813965841,0.0,3.1491635698892866e-05,0.002049447929779756,0.0006298061859333244,0.00939569855411254,0.00044219109494294194,1.7843823526274357e-05,0.00018804587077742005,0.0,0.0007675231748262536,0.00034903195188248524,2.6642696167619035e-06,0.0042855713341272625
0.019130653287661812,0.013787326809764947,0.06341430377686492,0.06645862283870664,0.018342309612586954,0.021683802396561234,0.0587836592241185,0.1316632255482467,0.010542557038354479,0.14901810860319023,0.12126047408554284,0.3011017960341278,0.0015885313551044433,0.000389933924040402,0.000762841309276788,7.465655010859679e-05,0.006293703797853298,0.0007179027163867037,0.012453356924419602,0.000883765078891312,0.0,0.0002611329181845164,0.0,0.0006852980578438994,0.0005049586183391094,0.0,0.0001970794938242699
0.022230455434137472,0.022816281972827163,0.06617905949609926,0.10771415004492513,0.04707566993254839,0.04976081905519699,0.048205491583542,0.033204535191711314,0.015452991610241036,0.10905031564265201,0.06190223785227255,0.39674683058397814,0.0006749837877250003,0.002847018325344474,0.0013591234353732729,0.00013411929909232353,0.0034174383477615505,0.0010404421281132868,0.0071372844953906224,0.0007111085625468584,3.801998459397334e-05,8.970871782274148e-05,0.0003657953815442883,0.0008884993362425505,0.0005827858662840775,0.0,0.00037483393203357096
0.014999169050263519,0.01460226640451124,0.04859919558797055,0.0365935610344317,0.021232416688412678,0.04060683734317004,0.06597575266350551,0.09661252886233433,0.020518653765746252,0.1270833724481009,0.14021940133943187,0.3302466904974801,0.0011730562083919255,0.00040602922229962865,0.0,3.4671816923121076e-05,0.007345840140540026,0.000616561088633372,0.024850428460156265,0.00029660012730458387,0.0,8.322147850589305e-05,0.00030210386688470846,0.0004939678612719618,0.001110570699366929,0.0,0.00599710334436291
0.01860646298704044,0.019648625337089873,0.049965930156402744,0.057231165370748266,0.02324285553184545,0.038952591550055794,0.0888093548565535,0.05570521042550138,0.008165086754145167,0.1327665577660327,0.11590381188519987,0.37656671821201837,0.0007605763352896712,0.0004415694112933235,0.0003723658364770956,5.867012532263167e-05,0.004587013275692196,0.0003943152619561367,0.005603094175242579,0.0002872458334426029,1.1277250900118375e-05,0.00013741903368810282,0.00020285654882767822,0.0006659039901799258,0.000501285248158371,0.0,0.0004120368408960674
0.028156313181073343,0.03766572032288925,0.08185455993963948,0.13539547878288016,0.034866847502614144,0.02571501160287915,0.03274495664564945,0.021206010785473926,0.02033102395991731,0.13929941804929744,0.024312848002517897,0.3645095413740631,0.0020320253724899428,0.0023158295685657576,0.002473684947636731,0.00011152737093171161,0.005134730515185772,0.0012260287266371806,0.03643188523119022,0.00039913849731185446,6.57000395483695e-05,0.0003908807809564665,0.0003734104897958622,0.0019281865487043603,0.0007112649128020445,6.957387356330866e-06,0.0003410194619926682
0.013038694304559189,0.013380753118239466,0.059358978151964066,0.0633780651884216,0.01887116231188942,0.042618391133932405,0.07350780399428913,0.17824587556706964,0.010915678690530757,0.07321973414694738,0.11860783413210575,0.29711056821730364,0.0005836179467258259,0.0004072381946649018,0.0,5.14521264466722e-05,0.00414422737505681,0.0005681874009220624,0.0271317321280257,0.00012933410377800083,0.0,0.00017844866815107036,0.0,0.0005267945780093116,0.0005366024287326962,1.260509021302571e-06,0.0034875655832133905
